{
  "agent_type": "Baseline",
  "run_seed": 42,
  "placement_method": "uniform",
  "final_metrics": {
    "avg_throughput_mbps": 4.887118490207122,
    "avg_satisfaction": 1.0,
    "fairness_index": 0.9965866421518851,
    "total_handovers": 30
  },
  "time_series": {
    "timestep": [
      0,
      1,
      2,
      3,
      4,
      5,
      6,
      7,
      8,
      9,
      10,
      11,
      12,
      13,
      14,
      15,
      16,
      17,
      18,
      19,
      20,
      21,
      22,
      23,
      24,
      25,
      26,
      27,
      28,
      29,
      30,
      31,
      32,
      33,
      34,
      35,
      36,
      37,
      38,
      39,
      40,
      41,
      42,
      43,
      44,
      45,
      46,
      47,
      48,
      49
    ],
    "avg_throughput": [
      4.810823830257251,
      4.914387815467412,
      4.673083409051067,
      4.77857021740947,
      4.975439175783022,
      4.983613129417997,
      4.626644626226434,
      4.629251946723694,
      4.713646432566715,
      4.769783887063057,
      4.747642857582405,
      4.805763469640373,
      4.813988832884221,
      4.827441462689102,
      4.628156630639525,
      4.945912967570093,
      4.7952554684778415,
      4.942803315041231,
      4.658978332002926,
      4.695113572929879,
      4.847247039696045,
      4.916168216518262,
      4.5804980678791125,
      4.744788858340451,
      4.836503232063116,
      4.87817009257974,
      4.875805625183133,
      4.560646789273127,
      4.741427073260726,
      4.715698564214574,
      4.963883252075426,
      4.211207852351487,
      4.576032124977848,
      4.831135571680496,
      4.763811594972109,
      4.233830235337136,
      4.983613129417997,
      4.626472181591021,
      4.672678844711598,
      4.830104183593691,
      4.504717952589093,
      4.841887542940339,
      4.84529422371043,
      4.561245798000938,
      4.7153041635381046,
      4.7476235416389265,
      4.710366519643965,
      4.5222500189187755,
      4.764526881287377,
      4.887118490207122
    ],
    "satisfaction_rate": [
      1.0,
      1.0,
      1.0,
      1.0,
      1.0,
      1.0,
      1.0,
      1.0,
      1.0,
      1.0,
      1.0,
      1.0,
      1.0,
      1.0,
      1.0,
      1.0,
      1.0,
      1.0,
      1.0,
      1.0,
      1.0,
      1.0,
      1.0,
      1.0,
      1.0,
      1.0,
      1.0,
      1.0,
      1.0,
      1.0,
      1.0,
      1.0,
      1.0,
      1.0,
      1.0,
      0.9,
      1.0,
      1.0,
      1.0,
      1.0,
      0.9,
      1.0,
      1.0,
      1.0,
      1.0,
      1.0,
      1.0,
      1.0,
      1.0,
      1.0
    ],
    "num_handovers": [
      0,
      0,
      1,
      3,
      3,
      3,
      3,
      4,
      5,
      5,
      5,
      5,
      7,
      8,
      8,
      8,
      8,
      8,
      8,
      8,
      8,
      8,
      10,
      11,
      13,
      13,
      13,
      14,
      14,
      15,
      15,
      15,
      15,
      15,
      17,
      18,
      19,
      21,
      22,
      23,
      23,
      23,
      24,
      24,
      24,
      25,
      25,
      27,
      29,
      30
    ],
    "fairness_index": [
      0.9965866421518851,
      0.9965866421518851,
      0.9965866421518851,
      0.9965866421518851,
      0.9965866421518851,
      0.9965866421518851,
      0.9965866421518851,
      0.9965866421518851,
      0.9965866421518851,
      0.9965866421518851,
      0.9965866421518851,
      0.9965866421518851,
      0.9965866421518851,
      0.9965866421518851,
      0.9965866421518851,
      0.9965866421518851,
      0.9965866421518851,
      0.9965866421518851,
      0.9965866421518851,
      0.9965866421518851,
      0.9965866421518851,
      0.9965866421518851,
      0.9965866421518851,
      0.9965866421518851,
      0.9965866421518851,
      0.9965866421518851,
      0.9965866421518851,
      0.9965866421518851,
      0.9965866421518851,
      0.9965866421518851,
      0.9965866421518851,
      0.9965866421518851,
      0.9965866421518851,
      0.9965866421518851,
      0.9965866421518851,
      0.9965866421518851,
      0.9965866421518851,
      0.9965866421518851,
      0.9965866421518851,
      0.9965866421518851,
      0.9965866421518851,
      0.9965866421518851,
      0.9965866421518851,
      0.9965866421518851,
      0.9965866421518851,
      0.9965866421518851,
      0.9965866421518851,
      0.9965866421518851,
      0.9965866421518851,
      0.9965866421518851
    ],
    "avg_reward": [
      2.4118295321029004,
      2.4532551261869644,
      2.346733363620427,
      2.378928086963788,
      2.4776756703132086,
      2.480945251767199,
      2.338157850490574,
      2.3292007786894775,
      2.362958573026686,
      2.3954135548252227,
      2.386557143032962,
      2.4098053878561485,
      2.3930955331536885,
      2.4084765850756407,
      2.3387626522558103,
      2.4658651870280375,
      2.4056021873911364,
      2.464621326016492,
      2.35109133280117,
      2.3655454291719513,
      2.426398815878418,
      2.4539672866073046,
      2.299699227151645,
      2.3754155433361808,
      2.4021012928252463,
      2.4387680370318963,
      2.437822250073253,
      2.301758715709251,
      2.3840708293042905,
      2.3637794256858298,
      2.4730533008301707,
      2.1719831409405943,
      2.3179128499911394,
      2.4199542286721982,
      2.3730246379888436,
      2.1440320941348547,
      2.470945251767199,
      2.3180888726364084,
      2.3465715378846395,
      2.4095416734374764,
      2.2623871810356375,
      2.4242550171761352,
      2.415617689484172,
      2.311998319200375,
      2.373621665415242,
      2.3765494166555703,
      2.3716466078575857,
      2.2764000075675104,
      2.373310752514951,
      2.432347396082849
    ],
    "epsilon": [
      1.0,
      1.0,
      1.0,
      1.0,
      1.0,
      1.0,
      1.0,
      1.0,
      1.0,
      1.0,
      1.0,
      1.0,
      1.0,
      1.0,
      1.0,
      1.0,
      1.0,
      1.0,
      1.0,
      1.0,
      1.0,
      1.0,
      1.0,
      1.0,
      1.0,
      1.0,
      1.0,
      1.0,
      1.0,
      1.0,
      1.0,
      1.0,
      1.0,
      1.0,
      1.0,
      1.0,
      1.0,
      1.0,
      1.0,
      1.0,
      1.0,
      1.0,
      1.0,
      1.0,
      1.0,
      1.0,
      1.0,
      1.0,
      1.0,
      1.0
    ]
  },